"GEOID","NAME","total_pop","white","male","female","pct_white","pct_nonwhite","pct_male","pct_female","state","statehouse_district_number"
"13001","State House District 1 (2022), Georgia",57003,51575,28444,28559,90.48,9.52,49.9,50.1,"GA",1
"13002","State House District 2 (2022), Georgia",65029,58617,32065,32964,90.14,9.86,49.31,50.69,"GA",2
"13003","State House District 3 (2022), Georgia",59728,53155,29179,30549,89,11,48.85,51.15,"GA",3
"13004","State House District 4 (2022), Georgia",58779,41589,29631,29148,70.75,29.25,50.41,49.59,"GA",4
"13005","State House District 5 (2022), Georgia",59008,48225,29168,29840,81.73,18.27,49.43,50.57,"GA",5
"13006","State House District 6 (2022), Georgia",58387,53069,29252,29135,90.89,9.11,50.1,49.9,"GA",6
"13007","State House District 7 (2022), Georgia",59162,54471,29281,29881,92.07,7.93,49.49,50.51,"GA",7
"13008","State House District 8 (2022), Georgia",59635,55176,29124,30511,92.52,7.48,48.84,51.16,"GA",8
"13009","State House District 9 (2022), Georgia",60302,55081,30187,30115,91.34,8.66,50.06,49.94,"GA",9
"13010","State House District 10 (2022), Georgia",59936,50191,28669,31267,83.74,16.26,47.83,52.17,"GA",10
"13011","State House District 11 (2022), Georgia",62988,57323,32464,30524,91.01,8.99,51.54,48.46,"GA",11
"13012","State House District 12 (2022), Georgia",58949,48801,29873,29076,82.79,17.21,50.68,49.32,"GA",12
"13013","State House District 13 (2022), Georgia",59797,40565,29039,30758,67.84,32.16,48.56,51.44,"GA",13
"13014","State House District 14 (2022), Georgia",57851,48640,28736,29115,84.08,15.92,49.67,50.33,"GA",14
"13015","State House District 15 (2022), Georgia",61050,47312,30343,30707,77.5,22.5,49.7,50.3,"GA",15
"13016","State House District 16 (2022), Georgia",60255,48281,30064,30191,80.13,19.87,49.89,50.11,"GA",16
"13017","State House District 17 (2022), Georgia",58840,40094,28640,30200,68.14,31.86,48.67,51.33,"GA",17
"13018","State House District 18 (2022), Georgia",58945,51634,28949,29996,87.6,12.4,49.11,50.89,"GA",18
"13019","State House District 19 (2022), Georgia",61088,41053,29845,31243,67.2,32.8,48.86,51.14,"GA",19
"13020","State House District 20 (2022), Georgia",62459,48485,30083,32376,77.63,22.37,48.16,51.84,"GA",20
"13021","State House District 21 (2022), Georgia",57964,51381,28701,29263,88.64,11.36,49.52,50.48,"GA",21
"13022","State House District 22 (2022), Georgia",59523,40549,30058,29465,68.12,31.88,50.5,49.5,"GA",22
"13023","State House District 23 (2022), Georgia",59058,46674,30880,28178,79.03,20.97,52.29,47.71,"GA",23
"13024","State House District 24 (2022), Georgia",57588,37361,28723,28865,64.88,35.12,49.88,50.12,"GA",24
"13025","State House District 25 (2022), Georgia",59020,33342,29761,29259,56.49,43.51,50.43,49.57,"GA",25
"13026","State House District 26 (2022), Georgia",58152,41171,28295,29857,70.8,29.2,48.66,51.34,"GA",26
"13027","State House District 27 (2022), Georgia",57016,48890,28494,28522,85.75,14.25,49.98,50.02,"GA",27
"13028","State House District 28 (2022), Georgia",59789,50281,30226,29563,84.1,15.9,50.55,49.45,"GA",28
"13029","State House District 29 (2022), Georgia",61100,35818,29975,31125,58.62,41.38,49.06,50.94,"GA",29
"13030","State House District 30 (2022), Georgia",59462,44133,29822,29640,74.22,25.78,50.15,49.85,"GA",30
"13031","State House District 31 (2022), Georgia",62219,47602,31476,30743,76.51,23.49,50.59,49.41,"GA",31
"13032","State House District 32 (2022), Georgia",59020,48693,28647,30373,82.5,17.5,48.54,51.46,"GA",32
"13033","State House District 33 (2022), Georgia",60355,49358,29880,30475,81.78,18.22,49.51,50.49,"GA",33
"13034","State House District 34 (2022), Georgia",60873,42078,29794,31079,69.12,30.88,48.94,51.06,"GA",34
"13035","State House District 35 (2022), Georgia",60273,34652,28382,31891,57.49,42.51,47.09,52.91,"GA",35
"13036","State House District 36 (2022), Georgia",56661,41057,27488,29173,72.46,27.54,48.51,51.49,"GA",36
"13037","State House District 37 (2022), Georgia",58098,26309,27587,30511,45.28,54.72,47.48,52.52,"GA",37
"13038","State House District 38 (2022), Georgia",61523,19461,28665,32858,31.63,68.37,46.59,53.41,"GA",38
"13039","State House District 39 (2022), Georgia",59939,18834,28838,31101,31.42,68.58,48.11,51.89,"GA",39
"13040","State House District 40 (2022), Georgia",60492,30511,28917,31575,50.44,49.56,47.8,52.2,"GA",40
"13041","State House District 41 (2022), Georgia",59327,17785,29185,30142,29.98,70.02,49.19,50.81,"GA",41
"13042","State House District 42 (2022), Georgia",59529,22409,30127,29402,37.64,62.36,50.61,49.39,"GA",42
"13043","State House District 43 (2022), Georgia",58788,28649,30252,28536,48.73,51.27,51.46,48.54,"GA",43
"13044","State House District 44 (2022), Georgia",63169,43116,31135,32034,68.25,31.75,49.29,50.71,"GA",44
"13045","State House District 45 (2022), Georgia",57413,44369,28753,28660,77.28,22.72,50.08,49.92,"GA",45
"13046","State House District 46 (2022), Georgia",58343,46017,27569,30774,78.87,21.13,47.25,52.75,"GA",46
"13047","State House District 47 (2022), Georgia",58600,36597,30091,28509,62.45,37.55,51.35,48.65,"GA",47
"13048","State House District 48 (2022), Georgia",65375,40427,33364,32011,61.84,38.16,51.03,48.97,"GA",48
"13049","State House District 49 (2022), Georgia",57111,41194,27370,29741,72.13,27.87,47.92,52.08,"GA",49
"13050","State House District 50 (2022), Georgia",58587,27658,28999,29588,47.21,52.79,49.5,50.5,"GA",50
"13051","State House District 51 (2022), Georgia",58334,33736,27837,30497,57.83,42.17,47.72,52.28,"GA",51
"13052","State House District 52 (2022), Georgia",60350,35128,29392,30958,58.21,41.79,48.7,51.3,"GA",52
"13053","State House District 53 (2022), Georgia",58362,43309,28709,29653,74.21,25.79,49.19,50.81,"GA",53
"13054","State House District 54 (2022), Georgia",60407,41670,27692,32715,68.98,31.02,45.84,54.16,"GA",54
"13055","State House District 55 (2022), Georgia",57645,20823,27285,30360,36.12,63.88,47.33,52.67,"GA",55
"13056","State House District 56 (2022), Georgia",58903,20109,33258,25645,34.14,65.86,56.46,43.54,"GA",56
"13057","State House District 57 (2022), Georgia",59030,40392,31416,27614,68.43,31.57,53.22,46.78,"GA",57
"13058","State House District 58 (2022), Georgia",60907,16559,30177,30730,27.19,72.81,49.55,50.45,"GA",58
"13059","State House District 59 (2022), Georgia",58969,11934,28517,30452,20.24,79.76,48.36,51.64,"GA",59
"13060","State House District 60 (2022), Georgia",60917,16598,27801,33116,27.25,72.75,45.64,54.36,"GA",60
"13061","State House District 61 (2022), Georgia",60943,11337,28215,32728,18.6,81.4,46.3,53.7,"GA",61
"13062","State House District 62 (2022), Georgia",61214,11877,29439,31775,19.4,80.6,48.09,51.91,"GA",62
"13063","State House District 63 (2022), Georgia",55368,12169,26490,28878,21.98,78.02,47.84,52.16,"GA",63
"13064","State House District 64 (2022), Georgia",57654,33354,28199,29455,57.85,42.15,48.91,51.09,"GA",64
"13065","State House District 65 (2022), Georgia",62624,19452,30598,32026,31.06,68.94,48.86,51.14,"GA",65
"13066","State House District 66 (2022), Georgia",56726,21788,27661,29065,38.41,61.59,48.76,51.24,"GA",66
"13067","State House District 67 (2022), Georgia",60363,19947,28209,32154,33.05,66.95,46.73,53.27,"GA",67
"13068","State House District 68 (2022), Georgia",59850,20360,27650,32200,34.02,65.98,46.2,53.8,"GA",68
"13069","State House District 69 (2022), Georgia",57664,15271,27344,30320,26.48,73.52,47.42,52.58,"GA",69
"13070","State House District 70 (2022), Georgia",58134,36446,27914,30220,62.69,37.31,48.02,51.98,"GA",70
"13071","State House District 71 (2022), Georgia",61040,41719,30315,30725,68.35,31.65,49.66,50.34,"GA",71
"13072","State House District 72 (2022), Georgia",60079,42514,28495,31584,70.76,29.24,47.43,52.57,"GA",72
"13073","State House District 73 (2022), Georgia",60609,44717,28862,31747,73.78,26.22,47.62,52.38,"GA",73
"13074","State House District 74 (2022), Georgia",58712,38780,29281,29431,66.05,33.95,49.87,50.13,"GA",74
"13075","State House District 75 (2022), Georgia",60636,6800,28995,31641,11.21,88.79,47.82,52.18,"GA",75
"13076","State House District 76 (2022), Georgia",56373,8935,26708,29665,15.85,84.15,47.38,52.62,"GA",76
"13077","State House District 77 (2022), Georgia",58553,5822,27380,31173,9.94,90.06,46.76,53.24,"GA",77
"13078","State House District 78 (2022), Georgia",60110,9547,28045,32065,15.88,84.12,46.66,53.34,"GA",78
"13079","State House District 79 (2022), Georgia",60912,5423,27451,33461,8.9,91.1,45.07,54.93,"GA",79
"13080","State House District 80 (2022), Georgia",60450,34310,29278,31172,56.76,43.24,48.43,51.57,"GA",80
"13081","State House District 81 (2022), Georgia",53751,29088,25899,27852,54.12,45.88,48.18,51.82,"GA",81
"13082","State House District 82 (2022), Georgia",55200,37213,25856,29344,67.41,32.59,46.84,53.16,"GA",82
"13083","State House District 83 (2022), Georgia",56761,33352,28223,28538,58.76,41.24,49.72,50.28,"GA",83
"13084","State House District 84 (2022), Georgia",58786,13748,28024,30762,23.39,76.61,47.67,52.33,"GA",84
"13085","State House District 85 (2022), Georgia",59670,9811,28464,31206,16.44,83.56,47.7,52.3,"GA",85
"13086","State House District 86 (2022), Georgia",61028,8019,30087,30941,13.14,86.86,49.3,50.7,"GA",86
"13087","State House District 87 (2022), Georgia",62401,8528,29515,32886,13.67,86.33,47.3,52.7,"GA",87
"13088","State House District 88 (2022), Georgia",58561,10662,26827,31734,18.21,81.79,45.81,54.19,"GA",88
"13089","State House District 89 (2022), Georgia",55998,17406,26037,29961,31.08,68.92,46.5,53.5,"GA",89
"13090","State House District 90 (2022), Georgia",61087,20528,28878,32209,33.6,66.4,47.27,52.73,"GA",90
"13091","State House District 91 (2022), Georgia",59011,14067,29217,29794,23.84,76.16,49.51,50.49,"GA",91
"13092","State House District 92 (2022), Georgia",59791,14177,28174,31617,23.71,76.29,47.12,52.88,"GA",92
"13093","State House District 93 (2022), Georgia",60584,15208,27118,33466,25.1,74.9,44.76,55.24,"GA",93
"13094","State House District 94 (2022), Georgia",63848,12054,29557,34291,18.88,81.12,46.29,53.71,"GA",94
"13095","State House District 95 (2022), Georgia",62747,12762,29861,32886,20.34,79.66,47.59,52.41,"GA",95
"13096","State House District 96 (2022), Georgia",57830,16477,28158,29672,28.49,71.51,48.69,51.31,"GA",96
"13097","State House District 97 (2022), Georgia",60986,23073,28554,32432,37.83,62.17,46.82,53.18,"GA",97
"13098","State House District 98 (2022), Georgia",51430,10514,27124,24306,20.44,79.56,52.74,47.26,"GA",98
"13099","State House District 99 (2022), Georgia",55990,26111,26268,29722,46.64,53.36,46.92,53.08,"GA",99
"13100","State House District 100 (2022), Georgia",60909,38434,30806,30103,63.1,36.9,50.58,49.42,"GA",100
"13101","State House District 101 (2022), Georgia",61237,27114,31036,30201,44.28,55.72,50.68,49.32,"GA",101
"13102","State House District 102 (2022), Georgia",60463,19779,28507,31956,32.71,67.29,47.15,52.85,"GA",102
"13103","State House District 103 (2022), Georgia",63648,35603,30897,32751,55.94,44.06,48.54,51.46,"GA",103
"13104","State House District 104 (2022), Georgia",60432,37900,30912,29520,62.72,37.28,51.15,48.85,"GA",104
"13105","State House District 105 (2022), Georgia",61493,27513,30140,31353,44.74,55.26,49.01,50.99,"GA",105
"13106","State House District 106 (2022), Georgia",63113,25855,31126,31987,40.97,59.03,49.32,50.68,"GA",106
"13107","State House District 107 (2022), Georgia",62508,19591,31036,31472,31.34,68.66,49.65,50.35,"GA",107
"13108","State House District 108 (2022), Georgia",57136,24507,30056,27080,42.89,57.11,52.6,47.4,"GA",108
"13109","State House District 109 (2022), Georgia",59500,14714,28842,30658,24.73,75.27,48.47,51.53,"GA",109
"13110","State House District 110 (2022), Georgia",62254,24091,29742,32512,38.7,61.3,47.78,52.22,"GA",110
"13111","State House District 111 (2022), Georgia",56473,38263,28405,28068,67.75,32.25,50.3,49.7,"GA",111
"13112","State House District 112 (2022), Georgia",59988,44115,29176,30812,73.54,26.46,48.64,51.36,"GA",112
"13113","State House District 113 (2022), Georgia",62380,20351,29672,32708,32.62,67.38,47.57,52.43,"GA",113
"13114","State House District 114 (2022), Georgia",59998,42408,28993,31005,70.68,29.32,48.32,51.68,"GA",114
"13115","State House District 115 (2022), Georgia",58621,20889,28313,30308,35.63,64.37,48.3,51.7,"GA",115
"13116","State House District 116 (2022), Georgia",58949,18676,27926,31023,31.68,68.32,47.37,52.63,"GA",116
"13117","State House District 117 (2022), Georgia",63026,34498,30635,32391,54.74,45.26,48.61,51.39,"GA",117
"13118","State House District 118 (2022), Georgia",59887,41031,29953,29934,68.51,31.49,50.02,49.98,"GA",118
"13119","State House District 119 (2022), Georgia",60004,42935,29426,30578,71.55,28.45,49.04,50.96,"GA",119
"13120","State House District 120 (2022), Georgia",58017,44390,28225,29792,76.51,23.49,48.65,51.35,"GA",120
"13121","State House District 121 (2022), Georgia",58228,44750,29351,28877,76.85,23.15,50.41,49.59,"GA",121
"13122","State House District 122 (2022), Georgia",60232,30677,28179,32053,50.93,49.07,46.78,53.22,"GA",122
"13123","State House District 123 (2022), Georgia",58857,39383,28546,30311,66.91,33.09,48.5,51.5,"GA",123
"13124","State House District 124 (2022), Georgia",59472,38817,29109,30363,65.27,34.73,48.95,51.05,"GA",124
"13125","State House District 125 (2022), Georgia",59393,39470,29365,30028,66.46,33.54,49.44,50.56,"GA",125
"13126","State House District 126 (2022), Georgia",62276,23401,30654,31622,37.58,62.42,49.22,50.78,"GA",126
"13127","State House District 127 (2022), Georgia",56795,40902,27375,29420,72.02,27.98,48.2,51.8,"GA",127
"13128","State House District 128 (2022), Georgia",58513,25682,29106,29407,43.89,56.11,49.74,50.26,"GA",128
"13129","State House District 129 (2022), Georgia",53938,19168,26570,27368,35.54,64.46,49.26,50.74,"GA",129
"13130","State House District 130 (2022), Georgia",65238,21272,30181,35057,32.61,67.39,46.26,53.74,"GA",130
"13131","State House District 131 (2022), Georgia",60467,44220,29918,30549,73.13,26.87,49.48,50.52,"GA",131
"13132","State House District 132 (2022), Georgia",56549,18503,28262,28287,32.72,67.28,49.98,50.02,"GA",132
"13133","State House District 133 (2022), Georgia",58253,34318,29018,29235,58.91,41.09,49.81,50.19,"GA",133
"13134","State House District 134 (2022), Georgia",60618,36006,29000,31618,59.4,40.6,47.84,52.16,"GA",134
"13135","State House District 135 (2022), Georgia",60357,43197,29327,31030,71.57,28.43,48.59,51.41,"GA",135
"13136","State House District 136 (2022), Georgia",57821,36888,28014,29807,63.8,36.2,48.45,51.55,"GA",136
"13137","State House District 137 (2022), Georgia",63275,24520,31710,31565,38.75,61.25,50.11,49.89,"GA",137
"13138","State House District 138 (2022), Georgia",58139,43064,27847,30292,74.07,25.93,47.9,52.1,"GA",138
"13139","State House District 139 (2022), Georgia",58009,38879,28512,29497,67.02,32.98,49.15,50.85,"GA",139
"13140","State House District 140 (2022), Georgia",55422,17046,26827,28595,30.76,69.24,48.4,51.6,"GA",140
"13141","State House District 141 (2022), Georgia",59104,18256,27852,31252,30.89,69.11,47.12,52.88,"GA",141
"13142","State House District 142 (2022), Georgia",62477,19247,29218,33259,30.81,69.19,46.77,53.23,"GA",142
"13143","State House District 143 (2022), Georgia",56894,18510,27636,29258,32.53,67.47,48.57,51.43,"GA",143
"13144","State House District 144 (2022), Georgia",58482,35213,27849,30633,60.21,39.79,47.62,52.38,"GA",144
"13145","State House District 145 (2022), Georgia",57808,32973,28631,29177,57.04,42.96,49.53,50.47,"GA",145
"13146","State House District 146 (2022), Georgia",61671,38574,30062,31609,62.55,37.45,48.75,51.25,"GA",146
"13147","State House District 147 (2022), Georgia",61310,33855,29393,31917,55.22,44.78,47.94,52.06,"GA",147
"13148","State House District 148 (2022), Georgia",59062,34248,29975,29087,57.99,42.01,50.75,49.25,"GA",148
"13149","State House District 149 (2022), Georgia",58227,35775,30438,27789,61.44,38.56,52.27,47.73,"GA",149
"13150","State House District 150 (2022), Georgia",60326,23970,30502,29824,39.73,60.27,50.56,49.44,"GA",150
"13151","State House District 151 (2022), Georgia",58026,27723,31340,26686,47.78,52.22,54.01,45.99,"GA",151
"13152","State House District 152 (2022), Georgia",60109,39682,29576,30533,66.02,33.98,49.2,50.8,"GA",152
"13153","State House District 153 (2022), Georgia",60561,14000,27637,32924,23.12,76.88,45.63,54.37,"GA",153
"13154","State House District 154 (2022), Georgia",58059,23410,28153,29906,40.32,59.68,48.49,51.51,"GA",154
"13155","State House District 155 (2022), Georgia",58632,34616,29143,29489,59.04,40.96,49.7,50.3,"GA",155
"13156","State House District 156 (2022), Georgia",60667,37684,30505,30162,62.12,37.88,50.28,49.72,"GA",156
"13157","State House District 157 (2022), Georgia",61612,38656,32736,28876,62.74,37.26,53.13,46.87,"GA",157
"13158","State House District 158 (2022), Georgia",59084,36354,29524,29560,61.53,38.47,49.97,50.03,"GA",158
"13159","State House District 159 (2022), Georgia",59388,39415,28469,30919,66.37,33.63,47.94,52.06,"GA",159
"13160","State House District 160 (2022), Georgia",58874,40171,28877,29997,68.23,31.77,49.05,50.95,"GA",160
"13161","State House District 161 (2022), Georgia",62613,40473,32363,30250,64.64,35.36,51.69,48.31,"GA",161
"13162","State House District 162 (2022), Georgia",58521,22935,28514,30007,39.19,60.81,48.72,51.28,"GA",162
"13163","State House District 163 (2022), Georgia",62353,25354,29942,32411,40.66,59.34,48.02,51.98,"GA",163
"13164","State House District 164 (2022), Georgia",61102,36744,30794,30308,60.14,39.86,50.4,49.6,"GA",164
"13165","State House District 165 (2022), Georgia",59150,20188,26598,32552,34.13,65.87,44.97,55.03,"GA",165
"13166","State House District 166 (2022), Georgia",59609,50876,28449,31160,85.35,14.65,47.73,52.27,"GA",166
"13167","State House District 167 (2022), Georgia",59842,38066,29213,30629,63.61,36.39,48.82,51.18,"GA",167
"13168","State House District 168 (2022), Georgia",60594,25012,31047,29547,41.28,58.72,51.24,48.76,"GA",168
"13169","State House District 169 (2022), Georgia",57754,36566,29575,28179,63.31,36.69,51.21,48.79,"GA",169
"13170","State House District 170 (2022), Georgia",61140,40178,29839,31301,65.71,34.29,48.8,51.2,"GA",170
"13171","State House District 171 (2022), Georgia",58718,32099,29294,29424,54.67,45.33,49.89,50.11,"GA",171
"13172","State House District 172 (2022), Georgia",60551,36307,30350,30201,59.96,40.04,50.12,49.88,"GA",172
"13173","State House District 173 (2022), Georgia",58694,33600,27873,30821,57.25,42.75,47.49,52.51,"GA",173
"13174","State House District 174 (2022), Georgia",59532,43288,30465,29067,72.71,27.29,51.17,48.83,"GA",174
"13175","State House District 175 (2022), Georgia",59009,40197,29392,29617,68.12,31.88,49.81,50.19,"GA",175
"13176","State House District 176 (2022), Georgia",60298,40389,30154,30144,66.98,33.02,50.01,49.99,"GA",176
"13177","State House District 177 (2022), Georgia",60417,22068,28235,32182,36.53,63.47,46.73,53.27,"GA",177
"13178","State House District 178 (2022), Georgia",59123,46441,30084,29039,78.55,21.45,50.88,49.12,"GA",178
"13179","State House District 179 (2022), Georgia",60766,38516,28241,32525,63.38,36.62,46.48,53.52,"GA",179
"13180","State House District 180 (2022), Georgia",59422,42233,30899,28523,71.07,28.93,52,48,"GA",180
"32001","State Assembly District 1 (2022), Nevada",76569,34718,37083,39486,45.34,54.66,48.43,51.57,"NV",1
"32002","State Assembly District 2 (2022), Nevada",71807,45681,35763,36044,63.62,36.38,49.8,50.2,"NV",2
"32003","State Assembly District 3 (2022), Nevada",74755,36383,37399,37356,48.67,51.33,50.03,49.97,"NV",3
"32004","State Assembly District 4 (2022), Nevada",78135,45128,38438,39697,57.76,42.24,49.19,50.81,"NV",4
"32005","State Assembly District 5 (2022), Nevada",73706,39538,35909,37797,53.64,46.36,48.72,51.28,"NV",5
"32006","State Assembly District 6 (2022), Nevada",70551,19483,36489,34062,27.62,72.38,51.72,48.28,"NV",6
"32007","State Assembly District 7 (2022), Nevada",76443,27743,37029,39414,36.29,63.71,48.44,51.56,"NV",7
"32008","State Assembly District 8 (2022), Nevada",76035,28393,37372,38663,37.34,62.66,49.15,50.85,"NV",8
"32009","State Assembly District 9 (2022), Nevada",75351,36529,37385,37966,48.48,51.52,49.61,50.39,"NV",9
"32010","State Assembly District 10 (2022), Nevada",74323,30211,38718,35605,40.65,59.35,52.09,47.91,"NV",10
"32011","State Assembly District 11 (2022), Nevada",70169,24755,38189,31980,35.28,64.72,54.42,45.58,"NV",11
"32012","State Assembly District 12 (2022), Nevada",73683,35247,36643,37040,47.84,52.16,49.73,50.27,"NV",12
"32013","State Assembly District 13 (2022), Nevada",73014,45186,36104,36910,61.89,38.11,49.45,50.55,"NV",13
"32014","State Assembly District 14 (2022), Nevada",71531,28170,35520,36011,39.38,60.62,49.66,50.34,"NV",14
"32015","State Assembly District 15 (2022), Nevada",66664,26425,35357,31307,39.64,60.36,53.04,46.96,"NV",15
"32016","State Assembly District 16 (2022), Nevada",76439,31990,39226,37213,41.85,58.15,51.32,48.68,"NV",16
"32017","State Assembly District 17 (2022), Nevada",75075,28352,36816,38259,37.76,62.24,49.04,50.96,"NV",17
"32018","State Assembly District 18 (2022), Nevada",69344,28169,35021,34323,40.62,59.38,50.5,49.5,"NV",18
"32019","State Assembly District 19 (2022), Nevada",74382,58368,38118,36264,78.47,21.53,51.25,48.75,"NV",19
"32020","State Assembly District 20 (2022), Nevada",75455,33048,38813,36642,43.8,56.2,51.44,48.56,"NV",20
"32021","State Assembly District 21 (2022), Nevada",76072,46051,37463,38609,60.54,39.46,49.25,50.75,"NV",21
"32022","State Assembly District 22 (2022), Nevada",75036,50896,36550,38486,67.83,32.17,48.71,51.29,"NV",22
"32023","State Assembly District 23 (2022), Nevada",73437,53260,36480,36957,72.52,27.48,49.68,50.32,"NV",23
"32024","State Assembly District 24 (2022), Nevada",71630,42015,35674,35956,58.66,41.34,49.8,50.2,"NV",24
"32025","State Assembly District 25 (2022), Nevada",73002,53063,35522,37480,72.69,27.31,48.66,51.34,"NV",25
"32026","State Assembly District 26 (2022), Nevada",71066,54793,35822,35244,77.1,22.9,50.41,49.59,"NV",26
"32027","State Assembly District 27 (2022), Nevada",75764,48554,40356,35408,64.09,35.91,53.27,46.73,"NV",27
"32028","State Assembly District 28 (2022), Nevada",69721,26832,34049,35672,38.48,61.52,48.84,51.16,"NV",28
"32029","State Assembly District 29 (2022), Nevada",75632,45455,37116,38516,60.1,39.9,49.07,50.93,"NV",29
"32030","State Assembly District 30 (2022), Nevada",69663,38840,35396,34267,55.75,44.25,50.81,49.19,"NV",30
"32031","State Assembly District 31 (2022), Nevada",70288,53149,35839,34449,75.62,24.38,50.99,49.01,"NV",31
"32032","State Assembly District 32 (2022), Nevada",74900,53872,39853,35047,71.93,28.07,53.21,46.79,"NV",32
"32033","State Assembly District 33 (2022), Nevada",76004,56567,40199,35805,74.43,25.57,52.89,47.11,"NV",33
"32034","State Assembly District 34 (2022), Nevada",77464,37790,39103,38361,48.78,51.22,50.48,49.52,"NV",34
"32035","State Assembly District 35 (2022), Nevada",75377,39330,38306,37071,52.18,47.82,50.82,49.18,"NV",35
"32036","State Assembly District 36 (2022), Nevada",79990,54962,42119,37871,68.71,31.29,52.66,47.34,"NV",36
"32037","State Assembly District 37 (2022), Nevada",74327,48809,36394,37933,65.67,34.33,48.96,51.04,"NV",37
"32038","State Assembly District 38 (2022), Nevada",72414,57020,37203,35211,78.74,21.26,51.38,48.62,"NV",38
"32039","State Assembly District 39 (2022), Nevada",71895,58825,36781,35114,81.82,18.18,51.16,48.84,"NV",39
"32040","State Assembly District 40 (2022), Nevada",73456,56287,38268,35188,76.63,23.37,52.1,47.9,"NV",40
"32041","State Assembly District 41 (2022), Nevada",76267,38527,37954,38313,50.52,49.48,49.76,50.24,"NV",41
"32042","State Assembly District 42 (2022), Nevada",77981,34369,40493,37488,44.07,55.93,51.93,48.07,"NV",42
"26001","State House District 1 (2022), Michigan",90175,27647,44524,45651,30.66,69.34,49.38,50.62,"MI",1
"26002","State House District 2 (2022), Michigan",88675,61309,43218,45457,69.14,30.86,48.74,51.26,"MI",2
"26003","State House District 3 (2022), Michigan",90939,50550,45102,45837,55.59,44.41,49.6,50.4,"MI",3
"26004","State House District 4 (2022), Michigan",90603,36867,44526,46077,40.69,59.31,49.14,50.86,"MI",4
"26005","State House District 5 (2022), Michigan",93119,34405,42157,50962,36.95,63.05,45.27,54.73,"MI",5
"26006","State House District 6 (2022), Michigan",95256,35180,45100,50156,36.93,63.07,47.35,52.65,"MI",6
"26007","State House District 7 (2022), Michigan",92760,42185,45786,46974,45.48,54.52,49.36,50.64,"MI",7
"26008","State House District 8 (2022), Michigan",88793,40801,43967,44826,45.95,54.05,49.52,50.48,"MI",8
"26009","State House District 9 (2022), Michigan",93360,25717,45839,47521,27.55,72.45,49.1,50.9,"MI",9
"26010","State House District 10 (2022), Michigan",90026,48924,42710,47316,54.34,45.66,47.44,52.56,"MI",10
"26011","State House District 11 (2022), Michigan",89743,43990,42492,47251,49.02,50.98,47.35,52.65,"MI",11
"26012","State House District 12 (2022), Michigan",89291,42701,43860,45431,47.82,52.18,49.12,50.88,"MI",12
"26013","State House District 13 (2022), Michigan",90237,45517,45231,45006,50.44,49.56,50.12,49.88,"MI",13
"26014","State House District 14 (2022), Michigan",90800,35068,43631,47169,38.62,61.38,48.05,51.95,"MI",14
"26015","State House District 15 (2022), Michigan",92645,79736,45128,47517,86.07,13.93,48.71,51.29,"MI",15
"26016","State House District 16 (2022), Michigan",94894,33745,46722,48172,35.56,64.44,49.24,50.76,"MI",16
"26017","State House District 17 (2022), Michigan",88182,40629,42877,45305,46.07,53.93,48.62,51.38,"MI",17
"26018","State House District 18 (2022), Michigan",92053,37644,43990,48063,40.89,59.11,47.79,52.21,"MI",18
"26019","State House District 19 (2022), Michigan",91971,55683,44464,47507,60.54,39.46,48.35,51.65,"MI",19
"26020","State House District 20 (2022), Michigan",92638,69682,45513,47125,75.22,24.78,49.13,50.87,"MI",20
"26021","State House District 21 (2022), Michigan",92208,56179,46009,46199,60.93,39.07,49.9,50.1,"MI",21
"26022","State House District 22 (2022), Michigan",89965,79145,44099,45866,87.97,12.03,49.02,50.98,"MI",22
"26023","State House District 23 (2022), Michigan",90297,67106,44716,45581,74.32,25.68,49.52,50.48,"MI",23
"26024","State House District 24 (2022), Michigan",92309,60092,45395,46914,65.1,34.9,49.18,50.82,"MI",24
"26025","State House District 25 (2022), Michigan",87619,58078,41579,46040,66.28,33.72,47.45,52.55,"MI",25
"26026","State House District 26 (2022), Michigan",90975,48451,44699,46276,53.26,46.74,49.13,50.87,"MI",26
"26027","State House District 27 (2022), Michigan",90079,79366,43829,46250,88.11,11.89,48.66,51.34,"MI",27
"26028","State House District 28 (2022), Michigan",90277,72224,43966,46311,80,20,48.7,51.3,"MI",28
"26029","State House District 29 (2022), Michigan",94185,71847,47438,46747,76.28,23.72,50.37,49.63,"MI",29
"26030","State House District 30 (2022), Michigan",93518,85828,46136,47382,91.78,8.22,49.33,50.67,"MI",30
"26031","State House District 31 (2022), Michigan",92237,71030,46610,45627,77.01,22.99,50.53,49.47,"MI",31
"26032","State House District 32 (2022), Michigan",90846,50462,44216,46630,55.55,44.45,48.67,51.33,"MI",32
"26033","State House District 33 (2022), Michigan",94176,67820,47214,46962,72.01,27.99,50.13,49.87,"MI",33
"26034","State House District 34 (2022), Michigan",92046,83214,46817,45229,90.4,9.6,50.86,49.14,"MI",34
"26035","State House District 35 (2022), Michigan",92973,86624,47378,45595,93.17,6.83,50.96,49.04,"MI",35
"26036","State House District 36 (2022), Michigan",89725,78763,45131,44594,87.78,12.22,50.3,49.7,"MI",36
"26037","State House District 37 (2022), Michigan",91240,76321,45223,46017,83.65,16.35,49.56,50.44,"MI",37
"26038","State House District 38 (2022), Michigan",92946,65770,45904,47042,70.76,29.24,49.39,50.61,"MI",38
"26039","State House District 39 (2022), Michigan",90851,78593,45943,44908,86.51,13.49,50.57,49.43,"MI",39
"26040","State House District 40 (2022), Michigan",90919,73801,43806,47113,81.17,18.83,48.18,51.82,"MI",40
"26041","State House District 41 (2022), Michigan",90238,59021,44473,45765,65.41,34.59,49.28,50.72,"MI",41
"26042","State House District 42 (2022), Michigan",91453,81215,45274,46179,88.81,11.19,49.51,50.49,"MI",42
"26043","State House District 43 (2022), Michigan",92834,85086,47483,45351,91.65,8.35,51.15,48.85,"MI",43
"26044","State House District 44 (2022), Michigan",89996,64482,44305,45691,71.65,28.35,49.23,50.77,"MI",44
"26045","State House District 45 (2022), Michigan",90330,84122,45414,44916,93.13,6.87,50.28,49.72,"MI",45
"26046","State House District 46 (2022), Michigan",91840,72295,47716,44124,78.72,21.28,51.96,48.04,"MI",46
"26047","State House District 47 (2022), Michigan",90175,77791,44398,45777,86.27,13.73,49.24,50.76,"MI",47
"26048","State House District 48 (2022), Michigan",92119,79688,47446,44673,86.51,13.49,51.51,48.49,"MI",48
"26049","State House District 49 (2022), Michigan",92806,79156,46648,46158,85.29,14.71,50.26,49.74,"MI",49
"26050","State House District 50 (2022), Michigan",92950,88764,46859,46091,95.5,4.5,50.41,49.59,"MI",50
"26051","State House District 51 (2022), Michigan",91962,84547,46499,45463,91.94,8.06,50.56,49.44,"MI",51
"26052","State House District 52 (2022), Michigan",88999,75931,43201,45798,85.32,14.68,48.54,51.46,"MI",52
"26053","State House District 53 (2022), Michigan",94799,45642,46819,47980,48.15,51.85,49.39,50.61,"MI",53
"26054","State House District 54 (2022), Michigan",92762,70082,45480,47282,75.55,24.45,49.03,50.97,"MI",54
"26055","State House District 55 (2022), Michigan",91636,71623,44436,47200,78.16,21.84,48.49,51.51,"MI",55
"26056","State House District 56 (2022), Michigan",88363,62081,46213,42150,70.26,29.74,52.3,47.7,"MI",56
"26057","State House District 57 (2022), Michigan",90016,69444,44506,45510,77.15,22.85,49.44,50.56,"MI",57
"26058","State House District 58 (2022), Michigan",91535,73099,44866,46669,79.86,20.14,49.02,50.98,"MI",58
"26059","State House District 59 (2022), Michigan",88336,79411,42695,45641,89.9,10.1,48.33,51.67,"MI",59
"26060","State House District 60 (2022), Michigan",92620,78388,45819,46801,84.63,15.37,49.47,50.53,"MI",60
"26061","State House District 61 (2022), Michigan",92954,68567,45599,47355,73.76,26.24,49.06,50.94,"MI",61
"26062","State House District 62 (2022), Michigan",89808,71868,43024,46784,80.02,19.98,47.91,52.09,"MI",62
"26063","State House District 63 (2022), Michigan",91051,81625,44628,46423,89.65,10.35,49.01,50.99,"MI",63
"26064","State House District 64 (2022), Michigan",90768,81442,44689,46079,89.73,10.27,49.23,50.77,"MI",64
"26065","State House District 65 (2022), Michigan",93090,84603,48873,44217,90.88,9.12,52.5,47.5,"MI",65
"26066","State House District 66 (2022), Michigan",93356,85965,48026,45330,92.08,7.92,51.44,48.56,"MI",66
"26067","State House District 67 (2022), Michigan",93039,84737,47046,45993,91.08,8.92,50.57,49.43,"MI",67
"26068","State House District 68 (2022), Michigan",94651,80957,45310,49341,85.53,14.47,47.87,52.13,"MI",68
"26069","State House District 69 (2022), Michigan",90146,64470,44025,46121,71.52,28.48,48.84,51.16,"MI",69
"26070","State House District 70 (2022), Michigan",90655,35847,44537,46118,39.54,60.46,49.13,50.87,"MI",70
"26071","State House District 71 (2022), Michigan",91915,86798,45944,45971,94.43,5.57,49.99,50.01,"MI",71
"26072","State House District 72 (2022), Michigan",92325,82669,43915,48410,89.54,10.46,47.57,52.43,"MI",72
"26073","State House District 73 (2022), Michigan",90395,73619,44208,46187,81.44,18.56,48.91,51.09,"MI",73
"26074","State House District 74 (2022), Michigan",89685,58143,43080,46605,64.83,35.17,48.03,51.97,"MI",74
"26075","State House District 75 (2022), Michigan",92369,77757,45775,46594,84.18,15.82,49.56,50.44,"MI",75
"26076","State House District 76 (2022), Michigan",92266,75845,45590,46676,82.2,17.8,49.41,50.59,"MI",76
"26077","State House District 77 (2022), Michigan",93595,68581,46951,46644,73.27,26.73,50.16,49.84,"MI",77
"26078","State House District 78 (2022), Michigan",92241,83770,48990,43251,90.82,9.18,53.11,46.89,"MI",78
"26079","State House District 79 (2022), Michigan",90275,76803,45278,44997,85.08,14.92,50.16,49.84,"MI",79
"26080","State House District 80 (2022), Michigan",92165,67217,45302,46863,72.93,27.07,49.15,50.85,"MI",80
"26081","State House District 81 (2022), Michigan",90266,72579,45724,44542,80.41,19.59,50.65,49.35,"MI",81
"26082","State House District 82 (2022), Michigan",90902,49494,43366,47536,54.45,45.55,47.71,52.29,"MI",82
"26083","State House District 83 (2022), Michigan",93343,55942,47248,46095,59.93,40.07,50.62,49.38,"MI",83
"26084","State House District 84 (2022), Michigan",90941,74693,44574,46367,82.13,17.87,49.01,50.99,"MI",84
"26085","State House District 85 (2022), Michigan",90010,81644,44302,45708,90.71,9.29,49.22,50.78,"MI",85
"26086","State House District 86 (2022), Michigan",90671,67178,44866,45805,74.09,25.91,49.48,50.52,"MI",86
"26087","State House District 87 (2022), Michigan",90984,60320,45713,45271,66.3,33.7,50.24,49.76,"MI",87
"26088","State House District 88 (2022), Michigan",91361,83303,45340,46021,91.18,8.82,49.63,50.37,"MI",88
"26089","State House District 89 (2022), Michigan",92920,85436,46703,46217,91.95,8.05,50.26,49.74,"MI",89
"26090","State House District 90 (2022), Michigan",92013,83217,46742,45271,90.44,9.56,50.8,49.2,"MI",90
"26091","State House District 91 (2022), Michigan",92067,84578,47340,44727,91.87,8.13,51.42,48.58,"MI",91
"26092","State House District 92 (2022), Michigan",92581,79606,47047,45534,85.99,14.01,50.82,49.18,"MI",92
"26093","State House District 93 (2022), Michigan",88526,79382,45228,43298,89.67,10.33,51.09,48.91,"MI",93
"26094","State House District 94 (2022), Michigan",90289,47807,42889,47400,52.95,47.05,47.5,52.5,"MI",94
"26095","State House District 95 (2022), Michigan",91018,83368,45366,45652,91.6,8.4,49.84,50.16,"MI",95
"26096","State House District 96 (2022), Michigan",90984,83366,44788,46196,91.63,8.37,49.23,50.77,"MI",96
"26097","State House District 97 (2022), Michigan",94130,86492,47694,46436,91.89,8.11,50.67,49.33,"MI",97
"26098","State House District 98 (2022), Michigan",91646,86859,46277,45369,94.78,5.22,50.5,49.5,"MI",98
"26099","State House District 99 (2022), Michigan",90020,85192,45659,44361,94.64,5.36,50.72,49.28,"MI",99
"26100","State House District 100 (2022), Michigan",92164,85720,46557,45607,93.01,6.99,50.52,49.48,"MI",100
"26101","State House District 101 (2022), Michigan",93472,84189,47850,45622,90.07,9.93,51.19,48.81,"MI",101
"26102","State House District 102 (2022), Michigan",92489,83712,46960,45529,90.51,9.49,50.77,49.23,"MI",102
"26103","State House District 103 (2022), Michigan",93570,86769,45579,47991,92.73,7.27,48.71,51.29,"MI",103
"26104","State House District 104 (2022), Michigan",89647,83864,45870,43777,93.55,6.45,51.17,48.83,"MI",104
"26105","State House District 105 (2022), Michigan",89378,84085,45328,44050,94.08,5.92,50.71,49.29,"MI",105
"26106","State House District 106 (2022), Michigan",91581,86214,46202,45379,94.14,5.86,50.45,49.55,"MI",106
"26107","State House District 107 (2022), Michigan",91198,77978,45969,45229,85.5,14.5,50.41,49.59,"MI",107
"26108","State House District 108 (2022), Michigan",90711,77416,47520,43191,85.34,14.66,52.39,47.61,"MI",108
"26109","State House District 109 (2022), Michigan",90067,80674,46751,43316,89.57,10.43,51.91,48.09,"MI",109
"26110","State House District 110 (2022), Michigan",90903,84163,47959,42944,92.59,7.41,52.76,47.24,"MI",110
